{
  "language": {
    "precision": 1.0,
    "recall": 1.0,
    "f1-score": 1.0,
    "support": 19,
    "confused_with": {}
  },
  "medical_service": {
    "precision": 0.9183673469387755,
    "recall": 0.8653846153846154,
    "f1-score": 0.8910891089108911,
    "support": 52,
    "confused_with": {
      "department": 7
    }
  },
  "drug_name": {
    "precision": 1.0,
    "recall": 0.944141689373297,
    "f1-score": 0.9712683952347583,
    "support": 734,
    "confused_with": {}
  },
  "hospital_name": {
    "precision": 1.0,
    "recall": 1.0,
    "f1-score": 1.0,
    "support": 53,
    "confused_with": {}
  },
  "location": {
    "precision": 1.0,
    "recall": 1.0,
    "f1-score": 1.0,
    "support": 87,
    "confused_with": {}
  },
  "department": {
    "precision": 0.7083333333333334,
    "recall": 0.8095238095238095,
    "f1-score": 0.7555555555555556,
    "support": 21,
    "confused_with": {
      "medical_service": 4
    }
  },
  "micro avg": {
    "precision": 0.9881081081081081,
    "recall": 0.9461697722567288,
    "f1-score": 0.9666842940243258,
    "support": 966
  },
  "macro avg": {
    "precision": 0.9377834467120181,
    "recall": 0.936508352380287,
    "f1-score": 0.9363188432835341,
    "support": 966
  },
  "weighted avg": {
    "precision": 0.989265115984282,
    "recall": 0.9461697722567288,
    "f1-score": 0.9669920315034632,
    "support": 966
  },
  "accuracy": 0.9863945578231292
}